lua,matmul_v1.lua:size,21
lua,matmul_v1.lua:size,24
lua,matmul_v1.lua:size,54
lua,matmul_v1.lua:size,23
lua,matmul_v1.lua:size,54
lua,matmul_v1.lua:size,2394
lua,matmul_v1.lua:size,2423
lua,matmul_v1.lua:size,2308
lua,matmul_v1.lua:size,2328
lua,matmul_v1.lua:size,2189
lua,matmul_v1.lua:size,19054
lua,matmul_v1.lua:size,18099
lua,matmul_v1.lua:size,17767
lua,matmul_v1.lua:size,17911
lua,matmul_v1.lua:size,17812
lua,matmul_v1.lua:size,4787
lua,matmul_v1.lua:size,4440
lua,matmul_v1.lua:size,4671
lua,matmul_v1.lua:size,4973
lua,matmul_v1.lua:size,1402
lua,matmul_v1.lua:size,29572
lua,matmul_v1.lua:size,30503
lua,matmul_v1.lua:size,36955
lua,matmul_v1.lua:size,29535
lua,matmul_v1.lua:size,31712
